Workbook

Sheet 読み方
B2: HAZchart 簡易評価ワークブック（計算原理＋確率DB＋シナリオシミュレーション）
B3: 作成 2026-07-21（同日rev2）。確率DBの出典: project.pha（PHA_Organizer 3.1.1）設定値を抽出 2026-07-21
B5: 目的 | C5: PHA_Organizerを使わずに、HAZchartの確率計算の仕組みを理解し、シナリオを組んだときの事故頻度と安全対策（防護層の追加・削除）の効果をExcel上で素早く定量評価する。
B6: 位置づけ | C6: 簡易評価用（オーダー確認・感度検討）。正式なリスク評価はHAZchart解析基準（C-2-3）に基づきPHA_Organizerで実施する。本ブックの結果はその代替にはならない。
B7: 計算方式 | C7: 掛け算・足し算の体系はPHA_Organizerのカットセット計算（事象の組合せごとに積、組合せ間は和）と同じ。違いが出るのは「経路の網羅」だけで、1本の経路ならPHA_Organizerと同じ数字になる。分岐が多いシナリオは、経路ごとに計算して合計する（例題シート参照）。
B8: シート構成 | C8: 「計算原理」…計算の仕組みとAND/ORの使い分け。 「確率DB」…既存テンプレートの故障率・デマンド確率の一覧。 「シナリオ計算」…シナリオを組んで頻度を計算するシミュレーター。 「例題_V1204」…アップロードされたプロジェクトの再現例と検算。 「リスクマトリックス」…判定のしきい値（入力して確定させる）。
B9: 使い方(1) | C9: 「シナリオ計算」で起因事象の構成要素をドロップダウンから選ぶ。この中はOR（どれか1つ壊れれば起因事象）なのでλは足し算。
B10: 使い方(2) | C10: 防護層を上から通過する順に並べ、各層の構成要素とゲートを選ぶ。OR（既定）＝構成要素のどれか1つの失敗でその層は破られる（PFDは和）。AND＝全部失敗して初めて破られる（冗長化した検出器など。PFDは積）。
B11: 使い方(3) | C11: 「有効」列を1から0に切り替えるとその層なしの頻度が即座に分かる。「低減倍率」列でどの層がどれだけ効いているかが見える。判定ベース（/hr・/年）は切替可能。
B12: 凡例 | C12: 黄色塗り＝触って試すセル（青字）。 白地の黒字＝自動計算（触らない）。 灰色＝見出し。
B14: 注意（重要）
C15: ・同じ要素（例: DCS、同一の検出器）が複数の層に入る場合、単純な掛け算は頻度を過小評価する（コモン事象）。同一要素は1つの層にだけ入れること。厳密な扱いはPHA_Organizerのミニマルカットセット計算で行う。
C16: ・構成要素はドロップダウンから選ぶこと。手入力でキーが一致しないと0（その要素なし）扱いになる。
C17: ・リスクマトリックスの頻度しきい値・ゾーン割付は仮置き。C-2-3の正式な表の値を黄色セルに入れて確定させること（要確認）。

Sheet 計算原理
B2: HAZchartの確率計算の原理
B4: 1. 解析の4ステップ
B5: ステップ1 | D5: What-ifで事故シナリオを作る（起因事象＝機器の故障モード。防護層は無いものとして展開）
B6: ステップ2 | D6: HAZchartを描く（状態変化の認知手段、回復動作、失敗したときの次の状態、を繰り返す）
B7: ステップ3 | D7: FT（フォールトツリー）に変換する（最終事象を頂上に置き、状態変化と防護失敗をANDで結ぶ）
B8: ステップ4 | D8: 故障率・ヒューマンエラー確率を入れて最終事象の発生頻度を計算し、リスクマトリックスで評価する
B10: 2. 確率は2種類ある
B11: 時間確率 λ（/hr） | D11: 運転中いつでも起こりうる故障の発生率。起因事象に使う。年間頻度＝λ×年間稼働時間H。
B12: デマンド確率（/d） | D12: 「要求されたときに動かない確率」。検出・警報・人の対処・インターロック・安全弁など防護層に使う。
B14: 3. ゲートは2つだけ（ANDとORの使い分け）
B15: ORゲート ＝ 足し算 | D15: 「どれか1つでも起これば上の事象になる」関係。例: 起因事象の中身（検出器の故障でも、DCSの故障でも、弁の故障でも開度異常になる）、防護層の中身（検出器が壊れていても、アラームに気づかなくても、対処に失敗しても、その層は破られる）。確率は和 P1＋P2＋…（厳密には 1−(1−P1)×(1−P2)×… だが、Pが小さければ和と同じ。PHA_Organizerのカットセット積和も和の扱い）。
B16: ANDゲート ＝ 掛け算 | D16: 「全部起こって初めて上の事象になる」関係。例: 起因事象 AND 層1の失敗 AND 層2の失敗 ＝ 最終事象。層の中でも、冗長化した2つの検出器は「両方壊れて初めて検出失敗」なのでAND（積）。
B17: 具体例 | D17: （機器の故障 OR DCSの故障）で異常が発生し、AND 運転員が見逃す、が両方成り立つとトラブル。式: 頻度 ＝ (λ機器＋λDCS) × H × PFD運転員。下の行に式が入っている。
B18: 上の具体例の計算（流量計＋DCSがORで壊れ、運転員対処(10分)が失敗） | C18: =(INDEX(確率DB!$E$4:$E$27,MATCH("流量計／故障",確率DB!$B$4:$B$27,0))+INDEX(確率DB!$E$4:$E$27,MATCH("DCS／故障",確率DB!$B$4:$B$27,0)))*8760*INDEX(確率DB!$G$4:$G$27,MATCH("ヒューマンエラー／発見したが対処できない（時間余裕10分）",確率DB!$B$4:$B$27,0)) -> 0.31536139 | D18: 単位は/年。ORの中身は足し算、起因と防護層の間は掛け算、になっていることを式で確認できる。
B20: 4. 基本式（この4つだけ）
B21: 起因事象の頻度 | D21: F0（/年） ＝ λ合計（/hr） × 年間稼働時間H（h/年）。制御ループの開度異常などは、検出器＋DCS＋操作端のλの和（OR）。
B22: 最終事象の頻度 | D22: F ＝ F0 × PFD層1 × PFD層2 × …。防護層は「すべて失敗したとき」だけ最終事象に至るのでAND＝掛け算。
B23: 層のPFD（失敗確率） | D23: ORの層 ＝ 構成要素のデマンド確率の和。 ANDの層（冗長系） ＝ 積。
B24: 待機系の換算 | D24: 点検周期Tで点検される待機機器は デマンド確率 ＝ λ × T ÷ 2。（故障してから次の点検までの平均放置時間がT/2のため。月1回点検ならT=720h）
B26: 5. 層の中身の組み立て方（FT展開の型）
B27: 人が対処する層（OR） | D27: 層PFD ＝ 発見手段の故障（検出器＋DCS＋アラーム） ＋ アラームに気づかない ＋ 発見したが対処できない。「対処できない」は時間余裕で値が変わる（10分: 0.3 / 1時間: 0.006 / 1日: 0.0003）。
B28: 自動の層＝インターロック（OR） | D28: 層PFD ＝ 検出器 ＋ ロジック（リレー回路） ＋ 操作端（電磁弁・空気調整弁）。人は介在しない。
B29: 機械式の層 | D29: 安全弁・チェッキ弁などは単体のデマンド確率をそのまま使う。
B30: 冗長化した層（AND） | D30: 同じ機能の検出器を2つ独立に置いた場合など。層PFD ＝ 積（両方失敗して初めて破られる）。ただし2つがDCSや電源を共有していると独立でなくなり、積ほど下がらない（コモン事象）。
B32: 6. 対策の効き方の目安（層を1つ足すと頻度は1/◯になる）
B33: 追加する層 | C33: 層PFD | D33: 低減倍率
B34: 運転員の監視・対処（時間余裕10分） | C34: =MIN(1,INDEX(確率DB!$G$4:$G$27,MATCH("液面計／故障",確率DB!$B$4:$B$27,0))+INDEX(確率DB!$G$4:$G$27,MATCH("ヒューマンエラー／アラームに気づかない",確率DB!$B$4:$B$27,0))+INDEX(確率DB!$G$4:$G$27,MATCH("ヒューマンエラー／発見したが対処できない（時間余裕10分）",確率DB!$B$4:$B$27,0))) -> 0.3686 | D34: =ROUND(1/C34,1) -> 2.7
B35: 独立したインターロック（検出器＋リレー＋弁） | C35: =INDEX(確率DB!$G$4:$G$27,MATCH("圧力計／故障",確率DB!$B$4:$B$27,0))+INDEX(確率DB!$G$4:$G$27,MATCH("リレー回路／故障",確率DB!$B$4:$B$27,0))+INDEX(確率DB!$G$4:$G$27,MATCH("空気調整弁／故障",確率DB!$B$4:$B$27,0)) -> 0.08219 | D35: =ROUND(1/C35,1) -> 12.2
B36: 安全弁 | C36: =INDEX(確率DB!$G$4:$G$27,MATCH("安全弁／故障",確率DB!$B$4:$B$27,0)) -> 0.00022 | D36: =ROUND(1/C36,1) -> 4545.5
B37: （読み方）運転員頼みの層は対処失敗0.3が支配的で3倍弱しか効かない。自動の層は約12倍、安全弁は数千倍効く。層を足しても効かないときは、その層のPFDが大きい（人頼み）か、既存の層と要素を共有しているのが原因。
B39: 7. 生きた検算（式が入っています）
B40: 待機系換算の確認: 温度計 λ×T÷2 | C40: =INDEX(確率DB!$E$4:$E$27,MATCH("温度計／故障",確率DB!$B$4:$B$27,0))*720/2 -> 0.03492 | D40: 確率DBの登録値0.035と一致する（登録値がこの式で作られていることの確認）
B41: ORの和と厳密式の差: P1=0.3, P2=0.08 | C41: =0.3+0.08 -> 0.38 | D41: 厳密値は 1−(0.7×0.92)＝0.356。和(0.38)は少し大きめ＝安全側。PHA_Organizerも和の扱い（カットセット積和）。
B43: 8. コモン事象（掛け算の落とし穴）
D44: 同じ基本事象（例: DCS故障）が複数の層に現れると、掛け算では同じ故障を2回掛けてしまい頻度を過小評価する。PHA_Organizerはブール代数（ミニマルカットセット）で重複を正しく処理する。本ブックの簡易計算では、同一要素は1つの層にだけ入れて近似すること。
D46: 出典: 計算体系はHAZchart解析基準（C-2-3）とPHA_Organizerの処理に基づく。数値の関係（λ×T/2＝登録デマンド確率が一致）はproject.pha（PHA_Organizer 3.1.1）設定値を抽出 2026-07-21で確認済み。

Sheet 確率DB
A1: 確率DB（既存テンプレートの設定値）
A2: 出典: project.pha（PHA_Organizer 3.1.1）設定値を抽出 2026-07-21。追記する場合は下の空行に同じ形式で入力（キー列は「要素名／故障モード」）。
A3: 分類 | B3: キー（選択用） | C3: 要素名 | D3: 故障モード | E3: 時間確率λ(/hr) | F3: 点検周期T(h) | G3: デマンド確率(/d) | H3: 検算 λ×T÷2 | I3: 出典 | J3: 備考
A4: コモン事象 | B4: DCS／故障 | C4: DCS | D4: 故障 | E4: 5.28e-10 | G4: 1.94e-07 | H4: =IF(F4="","",E4*F4/2) | I4: project.pha（PHA_Organizer 3.1.1）設定値を抽出 2026-07-21 | J4: DCSは各制御ループ・検出システムに共通で入る（コモン事象）
A5: 検出端 | B5: 温度計／故障 | C5: 温度計 | D5: 故障 | E5: 9.7e-05 | F5: 720 | G5: 0.035 | H5: =IF(F5="","",E5*F5/2) -> 0.03492 | I5: project.pha（PHA_Organizer 3.1.1）設定値を抽出 2026-07-21 | J5: 月1回点検（T=720h）の待機系換算
A6: 検出端 | B6: 流量計／故障 | C6: 流量計 | D6: 故障 | E6: 0.00012 | F6: 720 | G6: 0.0433 | H6: =IF(F6="","",E6*F6/2) -> 0.0432 | I6: project.pha（PHA_Organizer 3.1.1）設定値を抽出 2026-07-21 | J6: 月1回点検（T=720h）の待機系換算
A7: 検出端 | B7: 液面計／故障 | C7: 液面計 | D7: 故障 | E7: 0.00019 | F7: 720 | G7: 0.0685 | H7: =IF(F7="","",E7*F7/2) -> 0.0684 | I7: project.pha（PHA_Organizer 3.1.1）設定値を抽出 2026-07-21 | J7: 月1回点検（T=720h）の待機系換算
A8: 検出端 | B8: 圧力計／故障 | C8: 圧力計 | D8: 故障 | E8: 0.00022 | F8: 720 | G8: 0.0793 | H8: =IF(F8="","",E8*F8/2) -> 0.0792 | I8: project.pha（PHA_Organizer 3.1.1）設定値を抽出 2026-07-21 | J8: 月1回点検（T=720h）の待機系換算
A9: 検出端 | B9: 分析計／故障 | C9: 分析計 | D9: 故障 | E9: 0.00097 | G9: 0.093 | H9: =IF(F9="","",E9*F9/2) | I9: project.pha（PHA_Organizer 3.1.1）設定値を抽出 2026-07-21
A10: 警報 | B10: アラーム／故障 | C10: アラーム | D10: 故障 | E10: 7.7e-07 | G10: 9.3e-06 | H10: =IF(F10="","",E10*F10/2) | I10: project.pha（PHA_Organizer 3.1.1）設定値を抽出 2026-07-21
A11: ロジック | B11: リレー回路／故障 | C11: リレー回路 | D11: 故障 | E11: 2e-06 | G11: 0.00069 | H11: =IF(F11="","",E11*F11/2) | I11: project.pha（PHA_Organizer 3.1.1）設定値を抽出 2026-07-21 | J11: インターロックの論理回路
A12: 操作端 | B12: 空気調整弁／故障 | C12: 空気調整弁 | D12: 故障 | E12: 3.6e-06 | G12: 0.0022 | H12: =IF(F12="","",E12*F12/2) | I12: project.pha（PHA_Organizer 3.1.1）設定値を抽出 2026-07-21 | J12: 制御弁・遮断弁の駆動部
A13: 操作端 | B13: 電磁弁／故障 | C13: 電磁弁 | D13: 故障 | E13: 4.9e-05 | G13: 0.0029 | H13: =IF(F13="","",E13*F13/2) | I13: project.pha（PHA_Organizer 3.1.1）設定値を抽出 2026-07-21
A14: 機械 | B14: ポンプ／故障 | C14: ポンプ | D14: 故障 | E14: 4.4e-05 | G14: 0.002 | H14: =IF(F14="","",E14*F14/2) | I14: project.pha（PHA_Organizer 3.1.1）設定値を抽出 2026-07-21
A15: 機械 | B15: コンプレッサー／故障 | C15: コンプレッサー | D15: 故障 | E15: 2.8e-05 | G15: 0 | H15: =IF(F15="","",E15*F15/2) | I15: project.pha（PHA_Organizer 3.1.1）設定値を抽出 2026-07-21 | J15: デマンド確率は未設定（0）
A16: 機械 | B16: チェッキ弁／故障 | C16: チェッキ弁 | D16: 故障 | E16: 3.2e-06 | G16: 0.0022 | H16: =IF(F16="","",E16*F16/2) | I16: project.pha（PHA_Organizer 3.1.1）設定値を抽出 2026-07-21
A17: 機械 | B17: 安全弁／故障 | C17: 安全弁 | D17: 故障 | E17: 1.7e-06 | G17: 0.00022 | H17: =IF(F17="","",E17*F17/2) | I17: project.pha（PHA_Organizer 3.1.1）設定値を抽出 2026-07-21
A18: ヒューマンエラー | B18: ヒューマンエラー／アラームに気づかない | C18: ヒューマンエラー | D18: アラームに気づかない | G18: 0.0001 | H18: =IF(F18="","",E18*F18/2) | I18: project.pha（PHA_Organizer 3.1.1）設定値を抽出 2026-07-21
A19: ヒューマンエラー | B19: ヒューマンエラー／発見したが対処できない（時間余裕10分） | C19: ヒューマンエラー | D19: 発見したが対処できない（時間余裕10分） | G19: 0.3 | H19: =IF(F19="","",E19*F19/2) | I19: project.pha（PHA_Organizer 3.1.1）設定値を抽出 2026-07-21
A20: ヒューマンエラー | B20: ヒューマンエラー／発見したが対処できない（時間余裕1時間） | C20: ヒューマンエラー | D20: 発見したが対処できない（時間余裕1時間） | G20: 0.006 | H20: =IF(F20="","",E20*F20/2) | I20: project.pha（PHA_Organizer 3.1.1）設定値を抽出 2026-07-21
A21: ヒューマンエラー | B21: ヒューマンエラー／発見したが対処できない（時間余裕1日） | C21: ヒューマンエラー | D21: 発見したが対処できない（時間余裕1日） | G21: 0.0003 | H21: =IF(F21="","",E21*F21/2) | I21: project.pha（PHA_Organizer 3.1.1）設定値を抽出 2026-07-21
A28: （黄色の行は追記用。λとTを入れれば検算列でデマンド確率の目安を作れる）

Sheet シナリオ計算
A1: シナリオ計算（シミュレーター）
A2: 黄色セルだけ触る。初期値には例題（FC12開度過少、V-1204レベル上昇）を入れてある。
B4: STEP0 前提
B5: 年間稼働時間 H（h/年） | C5: 8760 | D5: 通年連続運転なら8760。定修等を除くなら実稼働時間に変更。
B7: STEP1 起因事象（機器の故障）――この中はOR（どれか1つ壊れれば起因事象）＝λは足し算
B8: 構成要素（ドロップダウンで選択） | C8: λ(/hr) | D8: メモ
B9: 流量計／故障 | C9: =IFERROR(INDEX(確率DB!$E$4:$E$27,MATCH(B9,確率DB!$B$4:$B$27,0)),0) -> 0.00012 | D9: FC12制御ループの検出器
B10: DCS／故障 | C10: =IFERROR(INDEX(確率DB!$E$4:$E$27,MATCH(B10,確率DB!$B$4:$B$27,0)),0) -> 5.28e-10 | D10: 同ループのDCS
B11: 空気調整弁／故障 | C11: =IFERROR(INDEX(確率DB!$E$4:$E$27,MATCH(B11,確率DB!$B$4:$B$27,0)),0) -> 3.6e-06 | D11: 同ループの操作端
C12: =IFERROR(INDEX(確率DB!$E$4:$E$27,MATCH(B12,確率DB!$B$4:$B$27,0)),0) -> 0
B13: λ合計（/hr）＝OR＝和 | C13: =SUM(C9:C12) -> 0.00012360053
B14: 起因事象頻度 F0（/年） | C14: =C13*$C$5 -> 1.0827406
B16: STEP2 安全防護層――層と層の間はAND（全部失敗して初めて最終事象）＝掛け算
B17: 層の中はゲートで選ぶ。OR（既定）＝どれか1つの失敗で層が破られる（和）。AND＝全部失敗で破られる（冗長系。積）。手入力PFDに値を入れるとそちらを優先。「有効」を0にするとその層なし（未設置）として計算。
A18: 層 | B18: 層の名称 | C18: 構成要素1 | D18: 構成要素2 | E18: 構成要素3 | F18: 構成要素4 | G18: 構成要素5 | H18: 構成要素6 | I18: PFD1 | J18: PFD2 | K18: PFD3 | L18: PFD4 | M18: PFD5 | N18: PFD6 | O18: ゲート | P18: 層PFD(自動) | Q18: 手入力PFD | R18: 有効 | S18: 採用PFD | T18: 低減倍率(1/PFD) | U18: この層まで全て失敗した頻度
A19: 1 | B19: LK液面検出で運転員が対処（時間余裕10分） | C19: 液面計／故障 | D19: DCS／故障 | E19: アラーム／故障 | F19: ヒューマンエラー／アラームに気づかない | G19: ヒューマンエラー／発見したが対処できない（時間余裕10分） | I19: =IFERROR(INDEX(確率DB!$G$4:$G$27,MATCH(C19,確率DB!$B$4:$B$27,0)),0) -> 0.0685 | J19: =IFERROR(INDEX(確率DB!$G$4:$G$27,MATCH(D19,確率DB!$B$4:$B$27,0)),0) -> 1.94e-07 | K19: =IFERROR(INDEX(確率DB!$G$4:$G$27,MATCH(E19,確率DB!$B$4:$B$27,0)),0) -> 9.3e-06 | L19: =IFERROR(INDEX(確率DB!$G$4:$G$27,MATCH(F19,確率DB!$B$4:$B$27,0)),0) -> 0.0001 | M19: =IFERROR(INDEX(確率DB!$G$4:$G$27,MATCH(G19,確率DB!$B$4:$B$27,0)),0) -> 0.3 | N19: =IFERROR(INDEX(確率DB!$G$4:$G$27,MATCH(H19,確率DB!$B$4:$B$27,0)),0) -> 0 | O19: OR | P19: =IF(O19="AND",IF(C19="",1,I19)*IF(D19="",1,J19)*IF(E19="",1,K19)*IF(F19="",1,L19)*IF(G19="",1,M19)*IF(H19="",1,N19),MIN(1,SUM(I19:N19))) -> 0.36860949 | R19: 1 | S19: =IF($B19="",1,IF($R19=0,1,IF($Q19<>"",$Q19,$P19))) -> 0.36860949 | T19: =IF(S19>=1,"-",ROUND(1/S19,1)) -> 2.7 | U19: =$C$14*S19 -> 0.39910847
A20: 2 | B20: OSS（圧力検出で自動遮断） | C20: 圧力計／故障 | D20: リレー回路／故障 | E20: 空気調整弁／故障 | I20: =IFERROR(INDEX(確率DB!$G$4:$G$27,MATCH(C20,確率DB!$B$4:$B$27,0)),0) -> 0.0793 | J20: =IFERROR(INDEX(確率DB!$G$4:$G$27,MATCH(D20,確率DB!$B$4:$B$27,0)),0) -> 0.00069 | K20: =IFERROR(INDEX(確率DB!$G$4:$G$27,MATCH(E20,確率DB!$B$4:$B$27,0)),0) -> 0.0022 | L20: =IFERROR(INDEX(確率DB!$G$4:$G$27,MATCH(F20,確率DB!$B$4:$B$27,0)),0) -> 0 | M20: =IFERROR(INDEX(確率DB!$G$4:$G$27,MATCH(G20,確率DB!$B$4:$B$27,0)),0) -> 0 | N20: =IFERROR(INDEX(確率DB!$G$4:$G$27,MATCH(H20,確率DB!$B$4:$B$27,0)),0) -> 0 | O20: OR | P20: =IF(O20="AND",IF(C20="",1,I20)*IF(D20="",1,J20)*IF(E20="",1,K20)*IF(F20="",1,L20)*IF(G20="",1,M20)*IF(H20="",1,N20),MIN(1,SUM(I20:N20))) -> 0.08219 | R20: 1 | S20: =IF($B20="",1,IF($R20=0,1,IF($Q20<>"",$Q20,$P20))) -> 0.08219 | T20: =IF(S20>=1,"-",ROUND(1/S20,1)) -> 12.2 | U20: =U19*S20 -> 0.032802725
A21: 3 | I21: =IFERROR(INDEX(確率DB!$G$4:$G$27,MATCH(C21,確率DB!$B$4:$B$27,0)),0) -> 0 | J21: =IFERROR(INDEX(確率DB!$G$4:$G$27,MATCH(D21,確率DB!$B$4:$B$27,0)),0) -> 0 | K21: =IFERROR(INDEX(確率DB!$G$4:$G$27,MATCH(E21,確率DB!$B$4:$B$27,0)),0) -> 0 | L21: =IFERROR(INDEX(確率DB!$G$4:$G$27,MATCH(F21,確率DB!$B$4:$B$27,0)),0) -> 0 | M21: =IFERROR(INDEX(確率DB!$G$4:$G$27,MATCH(G21,確率DB!$B$4:$B$27,0)),0) -> 0 | N21: =IFERROR(INDEX(確率DB!$G$4:$G$27,MATCH(H21,確率DB!$B$4:$B$27,0)),0) -> 0 | O21: OR | P21: =IF(O21="AND",IF(C21="",1,I21)*IF(D21="",1,J21)*IF(E21="",1,K21)*IF(F21="",1,L21)*IF(G21="",1,M21)*IF(H21="",1,N21),MIN(1,SUM(I21:N21))) -> 0 | R21: 1 | S21: =IF($B21="",1,IF($R21=0,1,IF($Q21<>"",$Q21,$P21))) -> 1 | T21: =IF(S21>=1,"-",ROUND(1/S21,1)) -> - | U21: =U20*S21 -> 0.032802725
A22: 4 | I22: =IFERROR(INDEX(確率DB!$G$4:$G$27,MATCH(C22,確率DB!$B$4:$B$27,0)),0) -> 0 | J22: =IFERROR(INDEX(確率DB!$G$4:$G$27,MATCH(D22,確率DB!$B$4:$B$27,0)),0) -> 0 | K22: =IFERROR(INDEX(確率DB!$G$4:$G$27,MATCH(E22,確率DB!$B$4:$B$27,0)),0) -> 0 | L22: =IFERROR(INDEX(確率DB!$G$4:$G$27,MATCH(F22,確率DB!$B$4:$B$27,0)),0) -> 0 | M22: =IFERROR(INDEX(確率DB!$G$4:$G$27,MATCH(G22,確率DB!$B$4:$B$27,0)),0) -> 0 | N22: =IFERROR(INDEX(確率DB!$G$4:$G$27,MATCH(H22,確率DB!$B$4:$B$27,0)),0) -> 0 | O22: OR | P22: =IF(O22="AND",IF(C22="",1,I22)*IF(D22="",1,J22)*IF(E22="",1,K22)*IF(F22="",1,L22)*IF(G22="",1,M22)*IF(H22="",1,N22),MIN(1,SUM(I22:N22))) -> 0 | R22: 1 | S22: =IF($B22="",1,IF($R22=0,1,IF($Q22<>"",$Q22,$P22))) -> 1 | T22: =IF(S22>=1,"-",ROUND(1/S22,1)) -> - | U22: =U21*S22 -> 0.032802725
A23: 5 | I23: =IFERROR(INDEX(確率DB!$G$4:$G$27,MATCH(C23,確率DB!$B$4:$B$27,0)),0) -> 0 | J23: =IFERROR(INDEX(確率DB!$G$4:$G$27,MATCH(D23,確率DB!$B$4:$B$27,0)),0) -> 0 | K23: =IFERROR(INDEX(確率DB!$G$4:$G$27,MATCH(E23,確率DB!$B$4:$B$27,0)),0) -> 0 | L23: =IFERROR(INDEX(確率DB!$G$4:$G$27,MATCH(F23,確率DB!$B$4:$B$27,0)),0) -> 0 | M23: =IFERROR(INDEX(確率DB!$G$4:$G$27,MATCH(G23,確率DB!$B$4:$B$27,0)),0) -> 0 | N23: =IFERROR(INDEX(確率DB!$G$4:$G$27,MATCH(H23,確率DB!$B$4:$B$27,0)),0) -> 0 | O23: OR | P23: =IF(O23="AND",IF(C23="",1,I23)*IF(D23="",1,J23)*IF(E23="",1,K23)*IF(F23="",1,L23)*IF(G23="",1,M23)*IF(H23="",1,N23),MIN(1,SUM(I23:N23))) -> 0 | R23: 1 | S23: =IF($B23="",1,IF($R23=0,1,IF($Q23<>"",$Q23,$P23))) -> 1 | T23: =IF(S23>=1,"-",ROUND(1/S23,1)) -> - | U23: =U22*S23 -> 0.032802725
A24: 6 | I24: =IFERROR(INDEX(確率DB!$G$4:$G$27,MATCH(C24,確率DB!$B$4:$B$27,0)),0) -> 0 | J24: =IFERROR(INDEX(確率DB!$G$4:$G$27,MATCH(D24,確率DB!$B$4:$B$27,0)),0) -> 0 | K24: =IFERROR(INDEX(確率DB!$G$4:$G$27,MATCH(E24,確率DB!$B$4:$B$27,0)),0) -> 0 | L24: =IFERROR(INDEX(確率DB!$G$4:$G$27,MATCH(F24,確率DB!$B$4:$B$27,0)),0) -> 0 | M24: =IFERROR(INDEX(確率DB!$G$4:$G$27,MATCH(G24,確率DB!$B$4:$B$27,0)),0) -> 0 | N24: =IFERROR(INDEX(確率DB!$G$4:$G$27,MATCH(H24,確率DB!$B$4:$B$27,0)),0) -> 0 | O24: OR | P24: =IF(O24="AND",IF(C24="",1,I24)*IF(D24="",1,J24)*IF(E24="",1,K24)*IF(F24="",1,L24)*IF(G24="",1,M24)*IF(H24="",1,N24),MIN(1,SUM(I24:N24))) -> 0 | R24: 1 | S24: =IF($B24="",1,IF($R24=0,1,IF($Q24<>"",$Q24,$P24))) -> 1 | T24: =IF(S24>=1,"-",ROUND(1/S24,1)) -> - | U24: =U23*S24 -> 0.032802725
A25: 7 | I25: =IFERROR(INDEX(確率DB!$G$4:$G$27,MATCH(C25,確率DB!$B$4:$B$27,0)),0) -> 0 | J25: =IFERROR(INDEX(確率DB!$G$4:$G$27,MATCH(D25,確率DB!$B$4:$B$27,0)),0) -> 0 | K25: =IFERROR(INDEX(確率DB!$G$4:$G$27,MATCH(E25,確率DB!$B$4:$B$27,0)),0) -> 0 | L25: =IFERROR(INDEX(確率DB!$G$4:$G$27,MATCH(F25,確率DB!$B$4:$B$27,0)),0) -> 0 | M25: =IFERROR(INDEX(確率DB!$G$4:$G$27,MATCH(G25,確率DB!$B$4:$B$27,0)),0) -> 0 | N25: =IFERROR(INDEX(確率DB!$G$4:$G$27,MATCH(H25,確率DB!$B$4:$B$27,0)),0) -> 0 | O25: OR | P25: =IF(O25="AND",IF(C25="",1,I25)*IF(D25="",1,J25)*IF(E25="",1,K25)*IF(F25="",1,L25)*IF(G25="",1,M25)*IF(H25="",1,N25),MIN(1,SUM(I25:N25))) -> 0 | R25: 1 | S25: =IF($B25="",1,IF($R25=0,1,IF($Q25<>"",$Q25,$P25))) -> 1 | T25: =IF(S25>=1,"-",ROUND(1/S25,1)) -> - | U25: =U24*S25 -> 0.032802725
A26: 8 | I26: =IFERROR(INDEX(確率DB!$G$4:$G$27,MATCH(C26,確率DB!$B$4:$B$27,0)),0) -> 0 | J26: =IFERROR(INDEX(確率DB!$G$4:$G$27,MATCH(D26,確率DB!$B$4:$B$27,0)),0) -> 0 | K26: =IFERROR(INDEX(確率DB!$G$4:$G$27,MATCH(E26,確率DB!$B$4:$B$27,0)),0) -> 0 | L26: =IFERROR(INDEX(確率DB!$G$4:$G$27,MATCH(F26,確率DB!$B$4:$B$27,0)),0) -> 0 | M26: =IFERROR(INDEX(確率DB!$G$4:$G$27,MATCH(G26,確率DB!$B$4:$B$27,0)),0) -> 0 | N26: =IFERROR(INDEX(確率DB!$G$4:$G$27,MATCH(H26,確率DB!$B$4:$B$27,0)),0) -> 0 | O26: OR | P26: =IF(O26="AND",IF(C26="",1,I26)*IF(D26="",1,J26)*IF(E26="",1,K26)*IF(F26="",1,L26)*IF(G26="",1,M26)*IF(H26="",1,N26),MIN(1,SUM(I26:N26))) -> 0 | R26: 1 | S26: =IF($B26="",1,IF($R26=0,1,IF($Q26<>"",$Q26,$P26))) -> 1 | T26: =IF(S26>=1,"-",ROUND(1/S26,1)) -> - | U26: =U25*S26 -> 0.032802725
B28: STEP3 結果
B29: 最終事象の頻度（/年） | C29: =U26 -> 0.032802725
B30: 最終事象の頻度（/hr） | C30: =C29/$C$5 -> 3.7446034e-06
B31: 判定ベース（/hr か /年 を選択） | C31: /hr | D31: PHA_Organizerの計算値は/hr。リスクマトリックスのしきい値もこのベースで引く。
B32: 判定に使う値 | C32: =IF(C31="/hr",C30,C29) -> 3.7446034e-06
B33: 頻度レベル（しきい値は要確認） | C33: =IF(C32>=IF($C$31="/hr",リスクマトリックス!$E$6,リスクマトリックス!$D$6),"E",IF(C32>=IF($C$31="/hr",リスクマトリックス!$E$7,リスクマトリックス!$D$7),"D",IF(C32>=IF($C$31="/hr",リスクマトリックス!$E$8,リスクマトリックス!$D$8),"C",IF(C32>=IF($C$31="/hr",リスクマトリックス!$E$9,リスクマトリックス!$D$9),"B","A")))) -> D | D33: しきい値はリスクマトリックスシートの黄色セル。C-2-3の正式値に差し替えてから判定を使うこと。
B34: 影響度レベル（1〜4を入力） | C34: 2
B35: リスクゾーン（参考・要確認） | C35: =INDEX(リスクマトリックス!$H$18:$K$22,MATCH(C33,リスクマトリックス!$G$18:$G$22,0),C34) -> 赤
B37: 対策効果の比較（What-if）
B38: ベースケースの頻度（判定に使う値を書き留める） | D38: 現状ケースの「判定に使う値」をここに数値でメモしてから層を変更すると、下で低減倍率が出る。
B39: 低減倍率（ベース÷現ケース） | C39: =IF(C38="","",C38/C32)

Sheet 例題_V1204
B1: 例題: FC12開度過少によるV-1204レベル上昇（アップロードされたproject.phaの再現）
B2: シナリオ（What-if）の流れ
C3: 1. 起因事象: FC12 開度過少（制御ループ故障）
C4: 2. フォーミングが進行してV-1204のレベルが上がる
C5: 3. LK液面検出システムで検知し、運転員が回復動作（時間余裕10分）
C6: 4. 回復動作に失敗すると、さらにレベルが上がる
C7: 5. OSSが作動して自動停止する
C8: 6. OSSが不作動なら、最終事象「EO反応器まで水を巻き上げて触媒失活」に至る
B10: 計算の再現（式が入っています。確率DBを参照）
C11: 項目 | D11: 構成要素 | E11: 値 | F11: 単位 | G11: 備考
C12: 起因事象（OR） | D12: 流量計／故障 | E12: =IFERROR(INDEX(確率DB!$E$4:$E$27,MATCH(D12,確率DB!$B$4:$B$27,0)),0) -> 0.00012 | F12: /hr | G12: FC12ループの検出器
C13: 起因事象（OR） | D13: DCS／故障 | E13: =IFERROR(INDEX(確率DB!$E$4:$E$27,MATCH(D13,確率DB!$B$4:$B$27,0)),0) -> 5.28e-10 | F13: /hr
C14: 起因事象（OR） | D14: 空気調整弁／故障 | E14: =IFERROR(INDEX(確率DB!$E$4:$E$27,MATCH(D14,確率DB!$B$4:$B$27,0)),0) -> 3.6e-06 | F14: /hr | G14: FC12ループの操作端
C15: 防護層1（OR） | D15: 液面計／故障 | E15: =IFERROR(INDEX(確率DB!$G$4:$G$27,MATCH(D15,確率DB!$B$4:$B$27,0)),0) -> 0.0685 | F15: /d | G15: LK液面検出
C16: 防護層1（OR） | D16: DCS／故障 | E16: =IFERROR(INDEX(確率DB!$G$4:$G$27,MATCH(D16,確率DB!$B$4:$B$27,0)),0) -> 1.94e-07 | F16: /d
C17: 防護層1（OR） | D17: アラーム／故障 | E17: =IFERROR(INDEX(確率DB!$G$4:$G$27,MATCH(D17,確率DB!$B$4:$B$27,0)),0) -> 9.3e-06 | F17: /d
C18: 防護層1（OR） | D18: ヒューマンエラー／アラームに気づかない | E18: =IFERROR(INDEX(確率DB!$G$4:$G$27,MATCH(D18,確率DB!$B$4:$B$27,0)),0) -> 0.0001 | F18: /d
C19: 防護層1（OR） | D19: ヒューマンエラー／発見したが対処できない（時間余裕10分） | E19: =IFERROR(INDEX(確率DB!$G$4:$G$27,MATCH(D19,確率DB!$B$4:$B$27,0)),0) -> 0.3 | F19: /d
C20: 防護層2（OR） | D20: 圧力計／故障 | E20: =IFERROR(INDEX(確率DB!$G$4:$G$27,MATCH(D20,確率DB!$B$4:$B$27,0)),0) -> 0.0793 | F20: /d | G20: OSSの検出（PDK）
C21: 防護層2（OR） | D21: リレー回路／故障 | E21: =IFERROR(INDEX(確率DB!$G$4:$G$27,MATCH(D21,確率DB!$B$4:$B$27,0)),0) -> 0.00069 | F21: /d | G21: OSSのロジック
C22: 防護層2（OR） | D22: 空気調整弁／故障 | E22: =IFERROR(INDEX(確率DB!$G$4:$G$27,MATCH(D22,確率DB!$B$4:$B$27,0)),0) -> 0.0022 | F22: /d | G22: OSSの操作端
C24: 起因事象頻度 F0 ＝ λ合計 × 8760 | E24: =SUM(E12:E14)*8760 -> 1.0827406 | F24: /年
C25: 防護層1のPFD（OR＝要素の和） | E25: =MIN(1,SUM(E15:E19)) -> 0.36860949 | F25: /d
C26: 防護層2のPFD（OR＝要素の和） | E26: =MIN(1,SUM(E20:E22)) -> 0.08219 | F26: /d
C27: 最終事象頻度 F ＝ F0 × 層1PFD × 層2PFD（AND＝積） | E27: =E24*E25*E26 -> 0.032802725 | F27: /年
C28: （/hr換算） | E28: =E27/8760 -> 3.7446034e-06 | F28: /hr
B30: PHA_Organizerの計算値との比較――「近似」の正体
C31: PHA_Organizer保存値（project.pha内 FT-0002） | E31: 5.24797e-06 | F31: /hr | G31: 出典: project.pha（PHA_Organizer 3.1.1）設定値を抽出 2026-07-21
C32: 本シートの値 ÷ PHA_Organizer値 | E32: =E28/E31 -> 0.71353368 | G32: 掛け算・足し算の体系は同じ。差の理由は下の説明を参照。
C33: なぜ差が出るか（計算方式は同じ、経路の網羅が違う）
C34: PHA_OrganizerはHAZchart全体をFTに変換し、最終事象に至る「すべての経路」（この例ではPDK圧力検出やTK温度検出を経由する分岐を含む）をカットセット（基本事象の組合せ）に展開して、組合せごとに確率の積を取り、それを合計する。本シートは主経路1本だけを計算しているため約3割小さく出る。経路が1本だけのシナリオなら、本シートとPHA_Organizerは同じ数字になる。分岐が多いシナリオを正確にやりたいときは、経路ごとに本シートの形で計算して合計すればよい（それがカットセットの積和そのもの）。
B36: 対策効果の見える化（この例でのWhat-if）
C37: ケース | D37: 内容 | E37: 頻度(/年) | F37: 現状との比
C38: 現状 | D38: 層1（LK＋運転員）＋層2（OSS） | E38: =E24*E25*E26 -> 0.032802725 | F38: 1
C39: 層2なし | D39: OSSが無い場合（運転員頼み） | E39: =E24*E25 -> 0.39910847 | F39: =E39/E38 -> 12.16693
C40: 層を1つ追加 | D40: 独立したインターロックをもう1層追加（PFDは層2と同等と仮定） | E40: =E24*E25*E26*E26 -> 0.002696056 | F40: =E40/E38 -> 0.08219
C42: （読み方）層を1つ追加すると頻度は追加層のPFD倍（約1/12）に下がる。ただし追加層が既存層と検出器やDCSを共有すると効果はここまで出ない（コモン事象）。

Sheet リスクマトリックス
B1: リスクマトリックス（しきい値を入力して確定させる）
B2: 黄色セルの初期値は仮置き（/hr列は/年列÷8760）。C-2-3の正式な区分・しきい値・ゾーン割付に差し替えてから判定を使うこと（要確認）。
B4: 頻度レベル（しきい値＝黄色セル。判定は「以上」で上から引く）
B5: レベル | C5: 意味 | D5: しきい値（/年 以上） | E5: しきい値（/hr 以上）
B6: E | C6: 年に何回も起こりうる | D6: 0.1 | E6: 1.1415525e-05
B7: D | C7: 検出が弱いと起こる | D7: 0.01 | E7: 1.1415525e-06
B8: C | C8: 管理されていれば稀 | D8: 0.0001 | E8: 1.1415525e-08
B9: B | C9: 多重故障が必要 | D9: 1e-06 | E9: 1.1415525e-10
B10: A | C10: 上記未満（実質起こらない） | D10: - | E10: -
B12: 影響度レベル
B13: 1 | C13: 事故 | D13: 火災・爆発・大量漏洩・重大な人的被害
B14: 2 | C14: 重大トラブル | D14: 漏洩・機器損傷・長期の運転停止
B15: 3 | C15: トラブル | D15: 運転阻害・軽微な損傷（1週間未満で復旧）
B16: 4 | C16: 小トラブル | D16: 放出なし・プロセス乱れのみ | G16: マトリックス（行=頻度レベル、列=影響度レベル）
G17: 頻度 | H17: 影響度1 | I17: 影響度2 | J17: 影響度3 | K17: 影響度4
G18: E | H18: 赤 | I18: 赤 | J18: 黄 | K18: 黄
G19: D | H19: 赤 | I19: 赤 | J19: 黄 | K19: 緑
G20: C | H20: 赤 | I20: 黄 | J20: 緑 | K20: 緑
G21: B | H21: 黄 | I21: 緑 | J21: 緑 | K21: 緑
G22: A | H22: 緑 | I22: 緑 | J22: 緑 | K22: 緑
G24: 赤=許容不可（対策必須） 黄=条件付き（管理・監視強化のうえ猶予） 緑=許容可。ゾーンの文字（赤/黄/緑）も入力セル扱い＝C-2-3の割付に合わせて書き換えてよい（色は手動で変更）。
